
INSERT INTO `rarity` VALUES (0x8643A49E0E7C11F0ABAC309C2314B3FD,'Boss'),(0x8643A0190E7C11F0ABAC309C2314B3FD,'Common'),(0x86439BD90E7C11F0ABAC309C2314B3FD,'Hero'),(0x8643860E0E7C11F0ABAC309C2314B3FD,'Legend'),(0x8643A2B50E7C11F0ABAC309C2314B3FD,'Promo'),(0x86439E6A0E7C11F0ABAC309C2314B3FD,'Rare'),(0x8643A17A0E7C11F0ABAC309C2314B3FD,'Starter');
INSERT INTO `opus` VALUES (0x8646F2B30E7C11F0ABAC309C2314B3FD,'Legacy Collection'),(0x8646D6180E7C11F0ABAC309C2314B3FD,'Opus I'),(0x8646DC930E7C11F0ABAC309C2314B3FD,'Opus II'),(0x8646DE0F0E7C11F0ABAC309C2314B3FD,'Opus III'),(0x8646DF370E7C11F0ABAC309C2314B3FD,'Opus IV'),(0x8646E4E70E7C11F0ABAC309C2314B3FD,'Opus IX'),(0x8646E01B0E7C11F0ABAC309C2314B3FD,'Opus V'),(0x8646E1860E7C11F0ABAC309C2314B3FD,'Opus VI'),(0x8646E2DB0E7C11F0ABAC309C2314B3FD,'Opus VII'),(0x8646E4130E7C11F0ABAC309C2314B3FD,'Opus VIII'),(0x8646E5840E7C11F0ABAC309C2314B3FD,'Opus X'),(0x8646E61D0E7C11F0ABAC309C2314B3FD,'Opus XI'),(0x8646E6B00E7C11F0ABAC309C2314B3FD,'Opus XII'),(0x8646E74F0E7C11F0ABAC309C2314B3FD,'Opus XIII'),(0x8646E8230E7C11F0ABAC309C2314B3FD,'Opus XIV'),(0x8646EB0F0E7C11F0ABAC309C2314B3FD,'Opus XIX (From Nightmares)'),(0x8646E8BF0E7C11F0ABAC309C2314B3FD,'Opus XV (Crystal Dominion)'),(0x8646E94E0E7C11F0ABAC309C2314B3FD,'Opus XVI (Emissaries of Light)'),(0x8646E9E00E7C11F0ABAC309C2314B3FD,'Opus XVII (Rebellion\'s Call)'),(0x8646EA7B0E7C11F0ABAC309C2314B3FD,'Opus XVIII (Resurgence of Power)'),(0x8646EC670E7C11F0ABAC309C2314B3FD,'Opus XX (Dawn of Heroes)'),(0x8646ED9D0E7C11F0ABAC309C2314B3FD,'Opus XXI (Beyond Destiny)'),(0x8646EE6A0E7C11F0ABAC309C2314B3FD,'Opus XXII (Hidden Hope)'),(0x8646EF060E7C11F0ABAC309C2314B3FD,'Opus XXIII (Hidden Trials)'),(0x8646F0350E7C11F0ABAC309C2314B3FD,'Opus XXIV (Hidden Legends)'),(0x8646F14A0E7C11F0ABAC309C2314B3FD,'Opus XXV (Tears of the Planet)');
INSERT INTO `card_type` VALUES (0x8649D2780E7C11F0ABAC309C2314B3FD,'Backup'),(0x8649C8EB0E7C11F0ABAC309C2314B3FD,'Forward'),(0x8649D0F50E7C11F0ABAC309C2314B3FD,'Monster'),(0x8649D1ED0E7C11F0ABAC309C2314B3FD,'Summon');
INSERT INTO `element` VALUES (0x864C9D4E0E7C11F0ABAC309C2314B3FD,'Dark'),(0x864C98220E7C11F0ABAC309C2314B3FD,'Earth'),(0x864C913C0E7C11F0ABAC309C2314B3FD,'Fire'),(0x864C95840E7C11F0ABAC309C2314B3FD,'Ice'),(0x864C9C1A0E7C11F0ABAC309C2314B3FD,'light'),(0x864C99980E7C11F0ABAC309C2314B3FD,'lightning'),(0x864C9B250E7C11F0ABAC309C2314B3FD,'Water'),(0x864C96FB0E7C11F0ABAC309C2314B3FD,'Wind');
INSERT INTO `job` VALUES (0x864F6DF90E7C11F0ABAC309C2314B3FD,'Abhorrent One'),(0x864F6F720E7C11F0ABAC309C2314B3FD,'Acting Imperial Viceroy'),(0x864F70590E7C11F0ABAC309C2314B3FD,'Actress of Wohlstok'),(0x864F86CC0E7C11F0ABAC309C2314B3FD,'Ancient'),(0x864F780D0E7C11F0ABAC309C2314B3FD,'Archfiend'),(0x864F77130E7C11F0ABAC309C2314B3FD,'Artificial Life'),(0x864F668A0E7C11F0ABAC309C2314B3FD,'AVALANCHE Operative'),(0x864F7D280E7C11F0ABAC309C2314B3FD,'Bard'),(0x864F843F0E7C11F0ABAC309C2314B3FD,'Black Mage'),(0x864F9F6B0E7C11F0ABAC309C2314B3FD,'Blitzballer'),(0x864F81C50E7C11F0ABAC309C2314B3FD,'Captain'),(0x864F78EA0E7C11F0ABAC309C2314B3FD,'Cat'),(0x864F7B740E7C11F0ABAC309C2314B3FD,'Chimera'),(0xA7273A970E8711F0ABAC309C2314B3FD,'Class Zero Cadet'),(0x864F9A370E7C11F0ABAC309C2314B3FD,'Corneo\'s Pet'),(0x864FA8190E7C11F0ABAC309C2314B3FD,'Crimson Archer'),(0x864F7ED00E7C11F0ABAC309C2314B3FD,'Dark Knight'),(0x864FA5430E7C11F0ABAC309C2314B3FD,'Descendant of the Zilart'),(0x864F930F0E7C11F0ABAC309C2314B3FD,'Doll'),(0x864FA9070E7C11F0ABAC309C2314B3FD,'Dragoon'),(0x864F93F20E7C11F0ABAC309C2314B3FD,'Earthshaker'),(0x864FA6FC0E7C11F0ABAC309C2314B3FD,'Emperor'),(0x864F95D00E7C11F0ABAC309C2314B3FD,'Engineer'),(0x864FABC50E7C11F0ABAC309C2314B3FD,'Epopt'),(0x864F7A850E7C11F0ABAC309C2314B3FD,'Faction Leader'),(0x864F97C40E7C11F0ABAC309C2314B3FD,'Fighter'),(0x864F96A40E7C11F0ABAC309C2314B3FD,'Genome'),(0x864F87A00E7C11F0ABAC309C2314B3FD,'Goobbue'),(0x864FAADE0E7C11F0ABAC309C2314B3FD,'Grand Général'),(0x864F9E910E7C11F0ABAC309C2314B3FD,'Guardian'),(0x864F83710E7C11F0ABAC309C2314B3FD,'Gullwings'),(0x864F8F940E7C11F0ABAC309C2314B3FD,'Gunslinger'),(0x864FA61C0E7C11F0ABAC309C2314B3FD,'Illusion'),(0x864F7DFB0E7C11F0ABAC309C2314B3FD,'Instructor'),(0x864F7C520E7C11F0ABAC309C2314B3FD,'King'),(0x864F9BE50E7C11F0ABAC309C2314B3FD,'Kraken'),(0x864FA46F0E7C11F0ABAC309C2314B3FD,'Lunarian'),(0x864F8C440E7C11F0ABAC309C2314B3FD,'Mandragora'),(0x864F995F0E7C11F0ABAC309C2314B3FD,'Member of the Turks'),(0x864F747C0E7C11F0ABAC309C2314B3FD,'Merc'),(0x864F80C50E7C11F0ABAC309C2314B3FD,'Mevyn'),(0x864F71290E7C11F0ABAC309C2314B3FD,'Mobile Artillery'),(0x864F8EC10E7C11F0ABAC309C2314B3FD,'Monk'),(0x864F829C0E7C11F0ABAC309C2314B3FD,'Mysterious Woman'),(0x864F72C90E7C11F0ABAC309C2314B3FD,'Mythril Musketeer'),(0x864F79BA0E7C11F0ABAC309C2314B3FD,'Necron'),(0x864F8D1A0E7C11F0ABAC309C2314B3FD,'Ninja'),(0x864F94D30E7C11F0ABAC309C2314B3FD,'Outlaw'),(0x864FA11C0E7C11F0ABAC309C2314B3FD,'Owner'),(0x864F9D910E7C11F0ABAC309C2314B3FD,'Paladin'),(0x864F8A680E7C11F0ABAC309C2314B3FD,'Pilot'),(0x864F988E0E7C11F0ABAC309C2314B3FD,'Praetor'),(0x864F8B570E7C11F0ABAC309C2314B3FD,'Prince'),(0x864F8DEE0E7C11F0ABAC309C2314B3FD,'Princess'),(0x864F9B0B0E7C11F0ABAC309C2314B3FD,'Queen'),(0x864F906B0E7C11F0ABAC309C2314B3FD,'Rat'),(0x864FA0400E7C11F0ABAC309C2314B3FD,'Research Chief'),(0x864F76420E7C11F0ABAC309C2314B3FD,'Salamander'),(0x864F7FAD0E7C11F0ABAC309C2314B3FD,'Scientist'),(0x864F75690E7C11F0ABAC309C2314B3FD,'SOLDIER'),(0x864F850B0E7C11F0ABAC309C2314B3FD,'Songstress'),(0x864F739B0E7C11F0ABAC309C2314B3FD,'Standard Unit'),(0x864F85EC0E7C11F0ABAC309C2314B3FD,'Summoner'),(0x864F88700E7C11F0ABAC309C2314B3FD,'Tantalus Member'),(0x864F894D0E7C11F0ABAC309C2314B3FD,'Thief'),(0x864FA2C30E7C11F0ABAC309C2314B3FD,'Vesna Krasna'),(0x864FA9DC0E7C11F0ABAC309C2314B3FD,'War Hero'),(0x864F922F0E7C11F0ABAC309C2314B3FD,'War Machine'),(0x864FACA00E7C11F0ABAC309C2314B3FD,'Warlock'),(0x864F71F80E7C11F0ABAC309C2314B3FD,'Warrior'),(0x864F91490E7C11F0ABAC309C2314B3FD,'Warrior of Light'),(0x864FA1EE0E7C11F0ABAC309C2314B3FD,'White Mage'),(0x864FA3950E7C11F0ABAC309C2314B3FD,'Witch'),(0x864F9CBE0E7C11F0ABAC309C2314B3FD,'Wraith');
INSERT INTO `category` VALUES (0x8652A6F00E7C11F0ABAC309C2314B3FD,'Anniversary'),(0x8652A8530E7C11F0ABAC309C2314B3FD,'Crystal Hunt'),(0x8652A9C30E7C11F0ABAC309C2314B3FD,'DFF'),(0x8652AAF10E7C11F0ABAC309C2314B3FD,'FFBE'),(0x8652AC2C0E7C11F0ABAC309C2314B3FD,'FFCC'),(0x8652AD4A0E7C11F0ABAC309C2314B3FD,'FFEX'),(0x8652AE3B0E7C11F0ABAC309C2314B3FD,'FFL'),(0x8652AF2D0E7C11F0ABAC309C2314B3FD,'FFRK'),(0x8652B0060E7C11F0ABAC309C2314B3FD,'FFT'),(0x8652B1080E7C11F0ABAC309C2314B3FD,'FFTA'),(0x8652B1E90E7C11F0ABAC309C2314B3FD,'FFTA2'),(0x865298450E7C11F0ABAC309C2314B3FD,'I'),(0x86529D1E0E7C11F0ABAC309C2314B3FD,'II'),(0x86529E0F0E7C11F0ABAC309C2314B3FD,'III'),(0x86529E950E7C11F0ABAC309C2314B3FD,'IV'),(0x7BF37B9D0E8111F0ABAC309C2314B3FD,'IX'),(0x8652B2CF0E7C11F0ABAC309C2314B3FD,'LOV'),(0x8652B3920E7C11F0ABAC309C2314B3FD,'MOBIUS'),(0x8652B4250E7C11F0ABAC309C2314B3FD,'MQ'),(0x8652B4E00E7C11F0ABAC309C2314B3FD,'PICTLOGICA'),(0x8652B5CF0E7C11F0ABAC309C2314B3FD,'SOPFFO'),(0x8652B6C20E7C11F0ABAC309C2314B3FD,'Special'),(0x8652B7AF0E7C11F0ABAC309C2314B3FD,'THEATRHYTHM'),(0x8652B9480E7C11F0ABAC309C2314B3FD,'Type-0'),(0x86529F110E7C11F0ABAC309C2314B3FD,'V'),(0x86529F8B0E7C11F0ABAC309C2314B3FD,'VI'),(0x8652A0060E7C11F0ABAC309C2314B3FD,'VII'),(0x8652A0DD0E7C11F0ABAC309C2314B3FD,'VIII'),(0x8652BABC0E7C11F0ABAC309C2314B3FD,'WOFF'),(0x8652A1D00E7C11F0ABAC309C2314B3FD,'X'),(0x8652A2C20E7C11F0ABAC309C2314B3FD,'XI'),(0x8652A3760E7C11F0ABAC309C2314B3FD,'XII'),(0x8652A3EE0E7C11F0ABAC309C2314B3FD,'XIII'),(0x8652A46B0E7C11F0ABAC309C2314B3FD,'XIV'),(0x8652A5A40E7C11F0ABAC309C2314B3FD,'XV'),(0x8652A66C0E7C11F0ABAC309C2314B3FD,'XVI');
INSERT INTO `image_type` VALUES (0x865577F70E7C11F0ABAC309C2314B3FD,'Foil'),(0x865579A00E7C11F0ABAC309C2314B3FD,'Full Art'),(0x8655717F0E7C11F0ABAC309C2314B3FD,'Regular');
INSERT INTO `card` VALUES (0x75CA967FC3EB4D93B2225A1ACEBC5D95,'Armstrong','25-001C',0x8643A0190E7C11F0ABAC309C2314B3FD,0x8646F14A0E7C11F0ABAC309C2314B3FD,2,0x8649D0F50E7C11F0ABAC309C2314B3FD,0,1,0,'[Dull], discard 1 Fire card: Choose 1 Forward opponent controls. Deal it 5000 damage.\n[Fire], put Armstrong into the Break Zone: Choose 1 Forward opponent controls. Deal it 7000 damage.','2025-03-31 19:46:35','2025-03-31 19:46:35'),(0x7893E269EFC14BEBB706719FEC84C9FD,'Ace','25-005H',0x86439BD90E7C11F0ABAC309C2314B3FD,0x8646F14A0E7C11F0ABAC309C2314B3FD,6,0x8649C8EB0E7C11F0ABAC309C2314B3FD,0,0,8000,'The cost required to cast Ace is reduced by 1 for each Job Class Zero Cadet and/or Fire Character you control.\nAt the end of each of your turns, if your opponent has received 5 points of damage or less, Ace deals your opponent 1 point of damage.\nJackpot Shot [S][Fire][1]: Choose 1 Forward. Deal it 2000 damage for each Job Class Zero Cadet and/or Fire Character you control.','2025-03-31 20:28:47','2025-03-31 20:28:47'),(0xB405B8F23FF24956BAB97F10A2189C07,'Iron Eater','25-002C',0x8643A0190E7C11F0ABAC309C2314B3FD,0x8646F14A0E7C11F0ABAC309C2314B3FD,3,0x8649C8EB0E7C11F0ABAC309C2314B3FD,0,0,8000,'When Iron Eater enters the field, choose 1 Forward opponent controls. If you have 5 or more Job Warrior and/or Card Name Warrior in your Break Zone, deal it 8000 damage','2025-03-31 19:56:18','2025-03-31 19:56:18'),(0xB6A8A3DD29CD4AD4BA79406901F83129,'AVALANCHE Member','25-003C',0x8643A0190E7C11F0ABAC309C2314B3FD,0x8646F14A0E7C11F0ABAC309C2314B3FD,2,0x8649C8EB0E7C11F0ABAC309C2314B3FD,0,1,5000,'When AVALANCHE Member enters the field, you may discard 1 Category VII Character. When you do so, choose 1 Forward. Deal it 7000 damage.','2025-03-31 20:00:12','2025-03-31 20:00:12'),(0xC8B1A3905B7A42C29AF537CACE912168,'Ifrit','25-004H',0x86439BD90E7C11F0ABAC309C2314B3FD,0x8646F14A0E7C11F0ABAC309C2314B3FD,4,0x8649D1ED0E7C11F0ABAC309C2314B3FD,0,0,0,'Before paying the cost to cast Ifrit, you can remove 1 Fire Backup you control from the game to reduce the cost required to cast Ifrit by 2.\nChoose 1 Forward and up to 1 other Forward. Deal the former 9000 damage and deal the latter 4000 damage.','2025-03-31 20:20:34','2025-03-31 20:20:34');
INSERT INTO `card_element` VALUES (0x75CA967FC3EB4D93B2225A1ACEBC5D95,0x864C913C0E7C11F0ABAC309C2314B3FD),(0x7893E269EFC14BEBB706719FEC84C9FD,0x864C913C0E7C11F0ABAC309C2314B3FD),(0xB405B8F23FF24956BAB97F10A2189C07,0x864C913C0E7C11F0ABAC309C2314B3FD),(0xB6A8A3DD29CD4AD4BA79406901F83129,0x864C913C0E7C11F0ABAC309C2314B3FD),(0xC8B1A3905B7A42C29AF537CACE912168,0x864C913C0E7C11F0ABAC309C2314B3FD);
INSERT INTO `card_job` VALUES (0x75CA967FC3EB4D93B2225A1ACEBC5D95,0x864F71290E7C11F0ABAC309C2314B3FD),(0xB405B8F23FF24956BAB97F10A2189C07,0x864F71F80E7C11F0ABAC309C2314B3FD),(0xB405B8F23FF24956BAB97F10A2189C07,0x864F72C90E7C11F0ABAC309C2314B3FD),(0xB6A8A3DD29CD4AD4BA79406901F83129,0x864F739B0E7C11F0ABAC309C2314B3FD);
INSERT INTO `card_category` VALUES (0x75CA967FC3EB4D93B2225A1ACEBC5D95,0x7BF37B9D0E8111F0ABAC309C2314B3FD),(0xC8B1A3905B7A42C29AF537CACE912168,0x7BF37B9D0E8111F0ABAC309C2314B3FD),(0xB6A8A3DD29CD4AD4BA79406901F83129,0x8652A0060E7C11F0ABAC309C2314B3FD),(0xB405B8F23FF24956BAB97F10A2189C07,0x8652A2C20E7C11F0ABAC309C2314B3FD),(0x7893E269EFC14BEBB706719FEC84C9FD,0x8652B9480E7C11F0ABAC309C2314B3FD);
INSERT INTO `image` VALUES (0x1D9366CAA9764FE1949C03EF3E6E0D72,0xC8B1A3905B7A42C29AF537CACE912168,0x865579A00E7C11F0ABAC309C2314B3FD,'image/card/c8b1a390-5b7a-42c2-9af5-37cace912168_Full Art_1.jpeg'),(0x213FA0E14ED24380ACCD6AA09512F3A5,0xB405B8F23FF24956BAB97F10A2189C07,0x8655717F0E7C11F0ABAC309C2314B3FD,'image/card/b405b8f2-3ff2-4956-bab9-7f10a2189c07_Regular_0.jpeg'),(0xA803B54A3FC043E9BA45FB04CD0C4E8E,0x7893E269EFC14BEBB706719FEC84C9FD,0x8655717F0E7C11F0ABAC309C2314B3FD,'image/card/7893e269-efc1-4beb-b706-719fec84c9fd_Regular_0.jpeg'),(0xBA6961A7E6FE425386525D63AF532CD6,0xB6A8A3DD29CD4AD4BA79406901F83129,0x8655717F0E7C11F0ABAC309C2314B3FD,'image/card/b6a8a3dd-29cd-4ad4-ba79-406901f83129_Regular_0.jpeg'),(0xF3378B5184494AF7AF94A5B2A746438C,0x75CA967FC3EB4D93B2225A1ACEBC5D95,0x8655717F0E7C11F0ABAC309C2314B3FD,'image/card/75ca967f-c3eb-4d93-b222-5a1acebc5d95_Regular_0.jpeg'),(0xFDBCB433942E496CA50B0BB9529F871C,0xC8B1A3905B7A42C29AF537CACE912168,0x8655717F0E7C11F0ABAC309C2314B3FD,'image/card/c8b1a390-5b7a-42c2-9af5-37cace912168_Regular_0.jpeg');
